Id,Label
1235770448966754309,INFORMATIVE
1235748200742416384,INFORMATIVE
1236129620363100161,UNINFORMATIVE
1241191765195001857,UNINFORMATIVE
1245182515213676546,UNINFORMATIVE
1250675949118488576,INFORMATIVE
1240647240127037443,INFORMATIVE
1250589847103967232,UNINFORMATIVE
1239345654108913666,UNINFORMATIVE
1245747207816478721,INFORMATIVE
1247584056201658376,UNINFORMATIVE
1235782152115163136,UNINFORMATIVE
1244482293919617024,UNINFORMATIVE
1236683505549049856,INFORMATIVE
1241187142925246464,INFORMATIVE
1236174495091744769,INFORMATIVE
1245924567354232833,UNINFORMATIVE
1242440396317302785,UNINFORMATIVE
1236145594462138370,UNINFORMATIVE
1241383637372805127,INFORMATIVE
1250916084598935553,INFORMATIVE
1243452378013143046,UNINFORMATIVE
1236442932736954368,UNINFORMATIVE
1236140128457732097,INFORMATIVE
1236148604370210816,INFORMATIVE
1245878641294290949,UNINFORMATIVE
1247119127015284738,UNINFORMATIVE
1244908322827845632,INFORMATIVE
1241522549445419008,INFORMATIVE
1236120810495946757,INFORMATIVE
1236838216344326149,INFORMATIVE
1246029677522796545,UNINFORMATIVE
1237218158328418304,UNINFORMATIVE
1249545462144806914,INFORMATIVE
1244723741529116672,UNINFORMATIVE
1240611802557353986,INFORMATIVE
1245849790593843200,UNINFORMATIVE
1245700626329337856,INFORMATIVE
1236111504107122688,UNINFORMATIVE
1250555968351539200,UNINFORMATIVE
1248713616662188032,UNINFORMATIVE
1247053403517341696,UNINFORMATIVE
1246013780426993669,UNINFORMATIVE
1236537427872940033,INFORMATIVE
1245865088927457281,UNINFORMATIVE
1236153331715846144,INFORMATIVE
1241192210839846919,INFORMATIVE
1244883704914288641,INFORMATIVE
1245655351858327553,UNINFORMATIVE
1240427756346802176,UNINFORMATIVE
1251900169458778115,UNINFORMATIVE
1245967962311397376,INFORMATIVE
1248756623507685377,INFORMATIVE
1242852668177072136,UNINFORMATIVE
1249310853452742656,INFORMATIVE
1241244849371844608,UNINFORMATIVE
1236088866580226050,UNINFORMATIVE
1241129417080004608,INFORMATIVE
1246019512102576129,INFORMATIVE
1247130383172243460,INFORMATIVE
1236710369059635200,INFORMATIVE
1246491624710045698,INFORMATIVE
1245951168150290432,INFORMATIVE
1249341438523031562,UNINFORMATIVE
1245848487423426560,UNINFORMATIVE
1246668065179234304,INFORMATIVE
1246025243627487233,INFORMATIVE
1246382294815907840,INFORMATIVE
1241545265632415744,INFORMATIVE
1236108057706291202,INFORMATIVE
1245674088712019968,UNINFORMATIVE
1251991562860494848,UNINFORMATIVE
1236154952235520001,INFORMATIVE
1236715191016083465,INFORMATIVE
1245704370987171844,INFORMATIVE
1246011932882190339,INFORMATIVE
1245822587327873029,UNINFORMATIVE
1236115083694084096,UNINFORMATIVE
1245677728331751424,INFORMATIVE
1247714461240213506,UNINFORMATIVE
1241192944721375233,UNINFORMATIVE
1244678716623552519,INFORMATIVE
1248647929868541953,UNINFORMATIVE
1246523993378578432,INFORMATIVE
1236135673536659457,INFORMATIVE
1242859060002721792,INFORMATIVE
1247660200590340096,UNINFORMATIVE
1244634349103992833,INFORMATIVE
1241755622565183491,INFORMATIVE
1245127759669706759,INFORMATIVE
1244410285840097280,UNINFORMATIVE
1241849293935226880,INFORMATIVE
1238503010659184651,UNINFORMATIVE
1239097744263954433,INFORMATIVE
1241027789148438529,INFORMATIVE
1245947595656245248,UNINFORMATIVE
1241174992047550464,INFORMATIVE
1242498462479859713,UNINFORMATIVE
1236111085729656832,INFORMATIVE
1236097383684927488,INFORMATIVE
1245400573022736384,INFORMATIVE
1236180106734735360,UNINFORMATIVE
1245731542246326272,INFORMATIVE
1237684774497595392,INFORMATIVE
1246833521563328513,INFORMATIVE
1237226664213479424,UNINFORMATIVE
1251899820417171457,INFORMATIVE
1236706016483409920,UNINFORMATIVE
1249241381715021824,INFORMATIVE
1238391816090771456,UNINFORMATIVE
1241169233255583744,INFORMATIVE
1249937695993888768,UNINFORMATIVE
1249607554797318144,INFORMATIVE
1245870679766880259,UNINFORMATIVE
1246829799051493377,UNINFORMATIVE
1241170618571264000,INFORMATIVE
1243541792454316035,INFORMATIVE
1247093622790598656,INFORMATIVE
1251672598339039233,INFORMATIVE
1251559321978241031,INFORMATIVE
1236134916573868032,INFORMATIVE
1245426837616054273,INFORMATIVE
1236093365092880384,UNINFORMATIVE
1239120337394110464,UNINFORMATIVE
1245900265733177346,UNINFORMATIVE
1242821928043384838,INFORMATIVE
1241290660218572800,UNINFORMATIVE
1252164150287097856,UNINFORMATIVE
1241046218664554497,INFORMATIVE
1241021577300512770,INFORMATIVE
1245819698735800324,UNINFORMATIVE
1246744622791000064,INFORMATIVE
1243570334894350337,UNINFORMATIVE
1244360876909572099,INFORMATIVE
1241094906707202048,INFORMATIVE
1241392487337316352,INFORMATIVE
1241183129248903172,UNINFORMATIVE
1247134917387059200,INFORMATIVE
1246022374576640000,UNINFORMATIVE
1241321536574951425,INFORMATIVE
1241187435804905472,UNINFORMATIVE
1246110409238642688,INFORMATIVE
1236425675654836224,UNINFORMATIVE
1245753515307200513,UNINFORMATIVE
1241473876330188804,INFORMATIVE
1236089769668603904,INFORMATIVE
1241180508127543296,INFORMATIVE
1236585607435931648,INFORMATIVE
1240817943648198656,INFORMATIVE
1249405640705019905,INFORMATIVE
1241165749022056451,INFORMATIVE
1245869132265881600,INFORMATIVE
1244537868103671808,UNINFORMATIVE
1236120915265474560,UNINFORMATIVE
1247277687862890497,INFORMATIVE
1243345489946435591,INFORMATIVE
1245927362983686150,UNINFORMATIVE
1241085342188556288,INFORMATIVE
1241488949358411776,INFORMATIVE
1236130844013707270,INFORMATIVE
1247278745444106241,INFORMATIVE
1241723094684893184,INFORMATIVE
1236250021525434368,INFORMATIVE
1243812787341660161,INFORMATIVE
1241377878673166336,INFORMATIVE
1251166014156402695,INFORMATIVE
1236112129427746816,INFORMATIVE
1248768737286578181,UNINFORMATIVE
1236574137239449600,INFORMATIVE
1248753093199556608,UNINFORMATIVE
1241188476642562049,INFORMATIVE
1242114709375143936,INFORMATIVE
1245957178369941505,UNINFORMATIVE
1245699287104839680,INFORMATIVE
1236100101455507459,INFORMATIVE
1247027071995367425,INFORMATIVE
1246296297172119552,INFORMATIVE
1236126933576028167,INFORMATIVE
1236687511381999618,UNINFORMATIVE
1239906138902220805,INFORMATIVE
1245909674651725833,UNINFORMATIVE
1236132521378607104,UNINFORMATIVE
1243710077170745345,INFORMATIVE
1241307214620454912,INFORMATIVE
1245878476680228864,UNINFORMATIVE
1250962442659811330,INFORMATIVE
1244615232196149256,UNINFORMATIVE
1235449333018853381,UNINFORMATIVE
1242999631975415808,INFORMATIVE
1242432759831744512,INFORMATIVE
1241683552728518657,UNINFORMATIVE
1244542398904045571,UNINFORMATIVE
1244654696448614403,UNINFORMATIVE
1241663309960458240,UNINFORMATIVE
1245661207467606016,INFORMATIVE
1236153991911731201,INFORMATIVE
1241516157863157764,INFORMATIVE
1241471727038877697,INFORMATIVE
1238646296459829251,INFORMATIVE
1243057346756165638,UNINFORMATIVE
1246980556488945669,INFORMATIVE
1241552433488093184,INFORMATIVE
1251222548718616577,INFORMATIVE
1241183720591196160,UNINFORMATIVE
1244186240246636544,UNINFORMATIVE
1242443659997478912,INFORMATIVE
1236124297749581825,INFORMATIVE
1235831914168082432,UNINFORMATIVE
1248389435978207237,INFORMATIVE
1238898245021073411,INFORMATIVE
1245335867721314305,UNINFORMATIVE
1252114937561915397,INFORMATIVE
1247659085950062595,UNINFORMATIVE
1241776154022985732,UNINFORMATIVE
1249986328860807168,UNINFORMATIVE
1247429279727718400,UNINFORMATIVE
1245688676539142145,UNINFORMATIVE
1236131891276742656,UNINFORMATIVE
1245784771466313729,UNINFORMATIVE
1236410137679724545,INFORMATIVE
1236144638936748032,INFORMATIVE
1247045895985618945,UNINFORMATIVE
1242885550786445312,INFORMATIVE
1241196106362454019,INFORMATIVE
1236150904635584512,INFORMATIVE
1238868523453157381,INFORMATIVE
1241295293687181313,INFORMATIVE
1245662352097398784,UNINFORMATIVE
1236133923622543360,INFORMATIVE
1236299767371554816,UNINFORMATIVE
1240972780046364673,INFORMATIVE
1245866690967040001,INFORMATIVE
1245809803865317376,UNINFORMATIVE
1236092625951866880,INFORMATIVE
1247260898957328385,INFORMATIVE
1241187524799840256,UNINFORMATIVE
1246284594506129409,UNINFORMATIVE
1247593762022359044,INFORMATIVE
1246848753912471552,INFORMATIVE
1246838275408564224,INFORMATIVE
1247115478012592129,INFORMATIVE
1237639150741774336,INFORMATIVE
1236115713078763520,INFORMATIVE
1236130005438132224,UNINFORMATIVE
1236124921740189696,INFORMATIVE
1244501100264411143,UNINFORMATIVE
1249684765810270208,INFORMATIVE
1246690470916472832,INFORMATIVE
1236098111019212800,INFORMATIVE
1242708706170560513,UNINFORMATIVE
1246353956667867137,UNINFORMATIVE
1250139202982944769,INFORMATIVE
1246349989376393216,UNINFORMATIVE
1248246140044062720,UNINFORMATIVE
1243972551312900096,INFORMATIVE
1236099999827668994,INFORMATIVE
1241846831707041792,INFORMATIVE
1246034102798745602,UNINFORMATIVE
1245900647871864832,UNINFORMATIVE
1241668724291223559,UNINFORMATIVE
1244037685041188864,INFORMATIVE
1248112928521322496,UNINFORMATIVE
1236147195427999746,INFORMATIVE
1245713325381562370,UNINFORMATIVE
1242163825069174788,UNINFORMATIVE
1247488606681382912,INFORMATIVE
1245704958642540544,INFORMATIVE
1248587610701905921,UNINFORMATIVE
1249035746956189698,UNINFORMATIVE
1244740507407994880,INFORMATIVE
1239079131976998912,INFORMATIVE
1250958959051255810,UNINFORMATIVE
1245863171031588865,UNINFORMATIVE
1241418949960650752,INFORMATIVE
1241785589575319552,INFORMATIVE
1246981415079641089,UNINFORMATIVE
1236138598484922368,INFORMATIVE
1245939962333167616,INFORMATIVE
1242983446282039297,INFORMATIVE
1247172704857247746,INFORMATIVE
1245867582726406144,INFORMATIVE
1243540794201554952,UNINFORMATIVE
1245856645424402433,INFORMATIVE
1245780149058113540,UNINFORMATIVE
1250682755475623937,INFORMATIVE
1241192843290398720,INFORMATIVE
1242860733475536896,UNINFORMATIVE
1245725593737584646,UNINFORMATIVE
1236156229715496960,INFORMATIVE
1245884339805544449,UNINFORMATIVE
1243168477633896450,INFORMATIVE
1245626987785273344,INFORMATIVE
1244534619505979392,UNINFORMATIVE
1241067081342291968,UNINFORMATIVE
1250996735436107776,INFORMATIVE
1245245188089487362,INFORMATIVE
1236111850346954753,INFORMATIVE
1250224858727772160,UNINFORMATIVE
1236133711189544960,INFORMATIVE
1241087323607048195,INFORMATIVE
1242459116263616514,UNINFORMATIVE
1236131967730692098,UNINFORMATIVE
1245214620886990855,UNINFORMATIVE
1236157744295505921,INFORMATIVE
1245612680020250627,UNINFORMATIVE
1247095904772882435,UNINFORMATIVE
1248295884691066891,INFORMATIVE
1236155479451226113,UNINFORMATIVE
1249573813890646016,INFORMATIVE
1241192543095853056,UNINFORMATIVE
1245882464691724290,UNINFORMATIVE
1236119403445596161,INFORMATIVE
1247109171759042560,INFORMATIVE
1236116833511538688,INFORMATIVE
1242856518749425666,UNINFORMATIVE
1241373345230266369,UNINFORMATIVE
1252061897664237568,INFORMATIVE
1235625815016005632,UNINFORMATIVE
1241192644090269698,UNINFORMATIVE
1236814594519093250,UNINFORMATIVE
1236099928218365952,INFORMATIVE
1245875449361829890,INFORMATIVE
1236099427724660736,UNINFORMATIVE
1241353238139584512,UNINFORMATIVE
1243298143468507137,INFORMATIVE
1241089080240279556,INFORMATIVE
1241110273559269377,UNINFORMATIVE
1236147811327983618,INFORMATIVE
1240208158561316864,INFORMATIVE
1245754639414431744,INFORMATIVE
1247710041131622402,UNINFORMATIVE
1245869282174484483,UNINFORMATIVE
1251874511596683270,UNINFORMATIVE
1241606946886545409,INFORMATIVE
1247076858555858944,INFORMATIVE
1242755565123706880,INFORMATIVE
1242735973919854592,UNINFORMATIVE
1239582377245958144,INFORMATIVE
1246322238615363584,INFORMATIVE
1240532043458473984,INFORMATIVE
1241484683696697345,UNINFORMATIVE
1245857156735234049,UNINFORMATIVE
1236088666092531712,UNINFORMATIVE
1241782008491266049,INFORMATIVE
1241850333967482880,INFORMATIVE
1246086874193633297,INFORMATIVE
1245758209001996293,UNINFORMATIVE
1236157627895291904,UNINFORMATIVE
1247422892112928774,INFORMATIVE
1236142117115686914,UNINFORMATIVE
1240792488799059969,UNINFORMATIVE
1245716694011727873,UNINFORMATIVE
1247237067089702912,UNINFORMATIVE
1241025485603311624,INFORMATIVE
1236094599417847808,INFORMATIVE
1236110606555590661,INFORMATIVE
1236133626909200386,INFORMATIVE
1247430595539374082,INFORMATIVE
1238441790467977217,UNINFORMATIVE
1246703748144979969,INFORMATIVE
1245688327941980160,UNINFORMATIVE
1236155123530960896,INFORMATIVE
1237669738278522880,INFORMATIVE
1237084869966118912,INFORMATIVE
1246496875680694272,UNINFORMATIVE
1246566988882862089,INFORMATIVE
1245877675165614080,UNINFORMATIVE
1241535987785834496,INFORMATIVE
1236113370375389184,INFORMATIVE
1241552543404027904,UNINFORMATIVE
1240186637826396161,UNINFORMATIVE
1236343595218530304,INFORMATIVE
1246639260314238977,INFORMATIVE
1245658838524514306,UNINFORMATIVE
1236105068878786566,UNINFORMATIVE
1246905545107234817,INFORMATIVE
1246896216929116160,INFORMATIVE
1244733330769285121,INFORMATIVE
1245740878918025216,UNINFORMATIVE
1245681621023338497,UNINFORMATIVE
1245943391973752833,INFORMATIVE
1236126366975660032,UNINFORMATIVE
1241191852734283779,UNINFORMATIVE
1241207993779154944,INFORMATIVE
1236102617618513920,INFORMATIVE
1247684835218423808,UNINFORMATIVE
1245683794692235265,INFORMATIVE
1243153786035568640,UNINFORMATIVE
1245874081917997057,INFORMATIVE
1245872382746779648,UNINFORMATIVE
1251656818364841986,UNINFORMATIVE
1247095177719808000,INFORMATIVE
1245707571849080834,UNINFORMATIVE
1238318440621867008,INFORMATIVE
1241858517285384195,INFORMATIVE
1240803011867238400,INFORMATIVE
1236162904874864640,INFORMATIVE
1246278797936095232,UNINFORMATIVE
1240030836185010177,INFORMATIVE
1236509559331700743,UNINFORMATIVE
1246028938436136961,INFORMATIVE
1241796902766723073,UNINFORMATIVE
1241574332196782083,INFORMATIVE
1245812936393797642,UNINFORMATIVE
1242950662478061572,INFORMATIVE
1236129535843692549,INFORMATIVE
1238494789437239296,INFORMATIVE
1248956563504627712,UNINFORMATIVE
1245764177999712258,UNINFORMATIVE
1250890202245148672,INFORMATIVE
1241404115025932288,INFORMATIVE
1247139691528404993,UNINFORMATIVE
1236079212026568706,INFORMATIVE
1251974175885086720,INFORMATIVE
1245835815676043271,UNINFORMATIVE
1236328067133390848,UNINFORMATIVE
1246767635154366464,INFORMATIVE
1236150470982463489,INFORMATIVE
1251048672034320389,INFORMATIVE
1245552650571014149,INFORMATIVE
1245664801738706944,UNINFORMATIVE
1247744309429850120,INFORMATIVE
1245661556706344960,INFORMATIVE
1236108818922090496,INFORMATIVE
1245765457111474178,INFORMATIVE
1236123328747892736,INFORMATIVE
1247137976368287745,UNINFORMATIVE
1241467927406075905,INFORMATIVE
1251092455622991873,INFORMATIVE
1245920962513719296,UNINFORMATIVE
1246003091318509568,INFORMATIVE
1240648078899556352,UNINFORMATIVE
1241181734709886978,UNINFORMATIVE
1244251508243398662,UNINFORMATIVE
1241344650528653315,UNINFORMATIVE
1246016393729851393,UNINFORMATIVE
1236415721287979008,INFORMATIVE
1241342051666583553,UNINFORMATIVE
1245871698701778944,UNINFORMATIVE
1241190263684575232,UNINFORMATIVE
1236110865616850944,UNINFORMATIVE
1242495694386139136,INFORMATIVE
1241054179113807873,INFORMATIVE
1245900858644213761,INFORMATIVE
1250902690391040002,INFORMATIVE
1235507261629435904,INFORMATIVE
1243319354256699393,INFORMATIVE
1247555149532299264,INFORMATIVE
1241439963285196812,INFORMATIVE
1241312944253808640,INFORMATIVE
1251229368736788480,INFORMATIVE
1242376158739681280,INFORMATIVE
1241179938277011456,UNINFORMATIVE
1245688021074284544,INFORMATIVE
1236254306128539648,INFORMATIVE
1246111944278454275,UNINFORMATIVE
1236158285427941376,INFORMATIVE
1250926791868526592,INFORMATIVE
1241145045216047122,INFORMATIVE
1243614008839753728,UNINFORMATIVE
1248413962695094275,INFORMATIVE
1245665772179017728,UNINFORMATIVE
1241093190788227072,INFORMATIVE
1245984246360977408,INFORMATIVE
1246392598257950720,INFORMATIVE
1247381098776182785,INFORMATIVE
1236120732461133825,INFORMATIVE
1250099636439666690,INFORMATIVE
1251923780966010886,UNINFORMATIVE
1236034387130662919,INFORMATIVE
1242844262292574208,UNINFORMATIVE
1245707470695170048,INFORMATIVE
1251105083057717248,INFORMATIVE
1241172631207981062,UNINFORMATIVE
1246035453364572160,UNINFORMATIVE
1245712419395194880,UNINFORMATIVE
1236237271503761409,INFORMATIVE
1241077206543204353,UNINFORMATIVE
1241024802477035522,INFORMATIVE
1236606225187397633,UNINFORMATIVE
1240610170939596800,UNINFORMATIVE
1236079256914010112,INFORMATIVE
1251460956724645888,UNINFORMATIVE
1240305777417408512,UNINFORMATIVE
1241917002756866055,UNINFORMATIVE
1236091527291719682,INFORMATIVE
1244560593551609857,INFORMATIVE
1240421977128497153,UNINFORMATIVE
1241309461366497280,INFORMATIVE
1241518024437334017,UNINFORMATIVE
1240181115018711040,INFORMATIVE
1246855895507582976,INFORMATIVE
1241186681535029248,UNINFORMATIVE
1242996574428352513,UNINFORMATIVE
1241721803736670209,INFORMATIVE
1243553061106151424,INFORMATIVE
1245739455899713537,INFORMATIVE
1249907521592143873,INFORMATIVE
1245808436144717824,UNINFORMATIVE
1238724156197404672,UNINFORMATIVE
1236105842191224834,UNINFORMATIVE
1236126332053942272,INFORMATIVE
1241230742597685248,INFORMATIVE
1245905018374385672,INFORMATIVE
1245854209288749061,UNINFORMATIVE
1245881865619341317,UNINFORMATIVE
1241087704638435328,INFORMATIVE
1236728388754251778,UNINFORMATIVE
1235439727571922944,UNINFORMATIVE
1242467382733369356,INFORMATIVE
1240081830914785281,UNINFORMATIVE
1243537840539140097,INFORMATIVE
1249823981944877057,UNINFORMATIVE
1246217169882558469,INFORMATIVE
1236131432541704192,INFORMATIVE
1247289755500331008,UNINFORMATIVE
1236496097612267521,INFORMATIVE
1245740299168747521,UNINFORMATIVE
1245899636465971200,INFORMATIVE
1236182386527870977,UNINFORMATIVE
1240721550065782786,INFORMATIVE
1245953051879518208,INFORMATIVE
1246029548187258880,UNINFORMATIVE
1245822801828810752,INFORMATIVE
1236846686842114048,INFORMATIVE
1243546761798524937,INFORMATIVE
1241305892404039680,INFORMATIVE
1241382111464108033,UNINFORMATIVE
1241256357212246016,INFORMATIVE
1244797977203478530,UNINFORMATIVE
1248526437340123139,UNINFORMATIVE
1239627562202075136,INFORMATIVE
1241860618027552769,INFORMATIVE
1248763522139504640,INFORMATIVE
1236137685061783552,UNINFORMATIVE
1251449677892988928,INFORMATIVE
1245033819859750912,UNINFORMATIVE
1245746930879168512,UNINFORMATIVE
1245930586528595968,UNINFORMATIVE
1243497395364610049,INFORMATIVE
1241151865498136576,INFORMATIVE
1245945236796379136,UNINFORMATIVE
1235899792103886850,INFORMATIVE
1245726940847312896,INFORMATIVE
1247140987949821952,UNINFORMATIVE
1239539117542817795,INFORMATIVE
1245658301527764992,UNINFORMATIVE
1241345621187006470,INFORMATIVE
1235886610111246342,UNINFORMATIVE
1236088707213479936,UNINFORMATIVE
1241818067686117377,INFORMATIVE
1241474682932662272,INFORMATIVE
1241176711498280967,UNINFORMATIVE
1246752593835163649,INFORMATIVE
1246015937871921153,INFORMATIVE
1245527016029519875,INFORMATIVE
1244462594406187009,INFORMATIVE
1246802250946625537,UNINFORMATIVE
1245946685685039105,INFORMATIVE
1250155296183521281,INFORMATIVE
1236133245953232897,INFORMATIVE
1248772323286622208,INFORMATIVE
1245758124679671811,UNINFORMATIVE
1246019597498646529,UNINFORMATIVE
1241709363561205766,UNINFORMATIVE
1237674635770109954,INFORMATIVE
1245659539489173505,UNINFORMATIVE
1236584201262108678,INFORMATIVE
1241848177311076352,INFORMATIVE
1241175223094870016,UNINFORMATIVE
1236144335516655617,INFORMATIVE
1249994255592034309,INFORMATIVE
1247590150844092421,UNINFORMATIVE
1245807554820702208,UNINFORMATIVE
1251184748799709187,INFORMATIVE
1241506828980289537,INFORMATIVE
1236148751003201536,UNINFORMATIVE
1242115372578410497,INFORMATIVE
1236328277251207168,INFORMATIVE
1245753129456590855,UNINFORMATIVE
1235928937974415361,INFORMATIVE
1236101592207831041,INFORMATIVE
1241726397363576832,INFORMATIVE
1241205875047452681,INFORMATIVE
1241091303242416128,INFORMATIVE
1235947067664666624,INFORMATIVE
1251399273490583552,INFORMATIVE
1244279498016776192,INFORMATIVE
1245871673389137921,INFORMATIVE
1250197162757165059,INFORMATIVE
1236111411002183682,UNINFORMATIVE
1243225466317582336,UNINFORMATIVE
1236079139293138944,UNINFORMATIVE
1245177605457920001,UNINFORMATIVE
1242058216193884166,UNINFORMATIVE
1236111249341063170,INFORMATIVE
1244659028288049153,UNINFORMATIVE
1241039898271985670,INFORMATIVE
1241126766195830784,INFORMATIVE
1236666813519474688,INFORMATIVE
1235967063895797762,INFORMATIVE
1236140069590839304,INFORMATIVE
1248142842230214656,UNINFORMATIVE
1250973205357101057,UNINFORMATIVE
1241191291750428673,INFORMATIVE
1251244389516500992,UNINFORMATIVE
1250656397856915456,UNINFORMATIVE
1245940673888620544,UNINFORMATIVE
1238525706516103168,INFORMATIVE
1241061971925049345,INFORMATIVE
1239842025635295233,INFORMATIVE
1236601450886647810,UNINFORMATIVE
1236143867193368576,INFORMATIVE
1237982942170767360,INFORMATIVE
1240789305016168459,UNINFORMATIVE
1241181792041758721,UNINFORMATIVE
1245684515374354432,UNINFORMATIVE
1241842750418489345,INFORMATIVE
1239226595333885953,UNINFORMATIVE
1236167980284694531,UNINFORMATIVE
1243237310256287746,UNINFORMATIVE
1242686729120657410,INFORMATIVE
1236145156937723906,INFORMATIVE
1241140305748996097,INFORMATIVE
1235716991530328064,INFORMATIVE
1241805060344070150,INFORMATIVE
1237585373250736128,INFORMATIVE
1241593219688914944,INFORMATIVE
1249756157251448832,INFORMATIVE
1236132256604774403,INFORMATIVE
1240097383779667968,UNINFORMATIVE
1241434116123320320,INFORMATIVE
1239690862566821888,UNINFORMATIVE
1245655588991684608,UNINFORMATIVE
1236111331671015424,UNINFORMATIVE
1251558235330555904,UNINFORMATIVE
1240562054861381632,UNINFORMATIVE
1236152368334397440,INFORMATIVE
1236098745109901312,UNINFORMATIVE
1239682276860010497,INFORMATIVE
1245708695562063878,INFORMATIVE
1239244680837070848,INFORMATIVE
1245921761817812992,UNINFORMATIVE
1250106562368110592,INFORMATIVE
1241065507966586881,UNINFORMATIVE
1245952423652478976,UNINFORMATIVE
1247053692190298117,INFORMATIVE
1245871079307927552,UNINFORMATIVE
1236099906521067528,UNINFORMATIVE
1243226190862680066,UNINFORMATIVE
1245925964548165635,INFORMATIVE
1241564874469146626,UNINFORMATIVE
1245085979733622786,INFORMATIVE
1241249848541753344,UNINFORMATIVE
1237663938038226944,INFORMATIVE
1242581689441882112,INFORMATIVE
1245026583825481728,INFORMATIVE
1236724471245017089,INFORMATIVE
1236079131877675010,UNINFORMATIVE
1236133955625246721,INFORMATIVE
1241294458483879936,UNINFORMATIVE
1241446703288455168,INFORMATIVE
1244508860901023745,UNINFORMATIVE
1245742052563980290,UNINFORMATIVE
1244676943112478726,INFORMATIVE
1252147443304525826,UNINFORMATIVE
1241187395728531458,UNINFORMATIVE
1246044797829349376,INFORMATIVE
1245747176787099649,INFORMATIVE
1239116403741011969,UNINFORMATIVE
1240172964529790982,UNINFORMATIVE
1241707622987948034,INFORMATIVE
1241502563054293008,INFORMATIVE
1246339659682082821,INFORMATIVE
1245755134879191047,UNINFORMATIVE
1243250552491913216,UNINFORMATIVE
1245871711259471874,UNINFORMATIVE
1246728391090372609,INFORMATIVE
1241140377693892608,INFORMATIVE
1236401352894369793,INFORMATIVE
1236099211139133440,UNINFORMATIVE
1245892134294749187,UNINFORMATIVE
1237224003128791042,INFORMATIVE
1245760592469733376,INFORMATIVE
1241642465955917824,INFORMATIVE
1242816722769502209,UNINFORMATIVE
1245949440424316929,UNINFORMATIVE
1251696125079195649,UNINFORMATIVE
1247545738235539456,INFORMATIVE
1244238889675440134,INFORMATIVE
1245873662693199873,UNINFORMATIVE
1241177709910376449,INFORMATIVE
1244797891425832960,INFORMATIVE
1241424750351613952,INFORMATIVE
1235970139226546177,INFORMATIVE
1236185513746292737,UNINFORMATIVE
1246034626503680000,UNINFORMATIVE
1241351908536844289,INFORMATIVE
1246903694966177793,UNINFORMATIVE
1245852278483046402,INFORMATIVE
1242293257817767937,UNINFORMATIVE
1235916222778216448,INFORMATIVE
1240445548378771457,UNINFORMATIVE
1236256252570861569,UNINFORMATIVE
1236667520053940227,INFORMATIVE
1241205280354025472,INFORMATIVE
1247737825052610560,INFORMATIVE
1251978606257016840,UNINFORMATIVE
1241190330990542848,UNINFORMATIVE
1246285795838681089,INFORMATIVE
1246029626952032256,UNINFORMATIVE
1241346937950887936,INFORMATIVE
1236147844299608064,UNINFORMATIVE
1236122104380248064,INFORMATIVE
1241465398228176896,INFORMATIVE
1236141249335373824,INFORMATIVE
1245754464180592640,INFORMATIVE
1242844576949383169,INFORMATIVE
1243618542974623744,UNINFORMATIVE
1249962783745224705,INFORMATIVE
1237431560997089280,INFORMATIVE
1236094636919144449,UNINFORMATIVE
1243623618480951304,UNINFORMATIVE
1237102508562153474,UNINFORMATIVE
1247660489020235777,UNINFORMATIVE
1241788623726370816,INFORMATIVE
1240797943319461888,INFORMATIVE
1245120917828767747,INFORMATIVE
1248725982107897856,INFORMATIVE
1241340655340630018,INFORMATIVE
1236088918329774080,INFORMATIVE
1248469894087061507,UNINFORMATIVE
1242167553415352322,INFORMATIVE
1240882104553988100,INFORMATIVE
1243247662960238592,INFORMATIVE
1241768532297183233,INFORMATIVE
1241137474090536960,INFORMATIVE
1241235016484442112,INFORMATIVE
1244456620370919425,UNINFORMATIVE
1247180558762938368,INFORMATIVE
1236827566872211457,UNINFORMATIVE
1236135258401144833,UNINFORMATIVE
1251460339427872769,INFORMATIVE
1244761495361204226,UNINFORMATIVE
1241644284689797121,INFORMATIVE
1250859930158075905,INFORMATIVE
1241262795708076034,INFORMATIVE
1241172693132677123,INFORMATIVE
1247455535172964352,INFORMATIVE
1250280450917986304,INFORMATIVE
1241044637868912642,INFORMATIVE
1245786881628999680,UNINFORMATIVE
1245117505200361472,UNINFORMATIVE
1246035091668770817,INFORMATIVE
1240657804760883200,INFORMATIVE
1237567699430944770,INFORMATIVE
1244727310328238082,INFORMATIVE
1245694761702473728,INFORMATIVE
1241183892775804929,INFORMATIVE
1245761517745844224,UNINFORMATIVE
1248348821593055232,INFORMATIVE
1247550225352450048,INFORMATIVE
1237154152951582720,INFORMATIVE
1246357652067823617,UNINFORMATIVE
1236015323637100545,INFORMATIVE
1250673558855929857,INFORMATIVE
1252127395781410816,INFORMATIVE
1250854253364641798,UNINFORMATIVE
1241779764114964485,INFORMATIVE
1236101619344908288,INFORMATIVE
1241385886090231809,INFORMATIVE
1242482355962404864,UNINFORMATIVE
1236090198561304577,UNINFORMATIVE
1250906322188619778,INFORMATIVE
1249788402586664960,INFORMATIVE
1245758371401269249,UNINFORMATIVE
1240788055256006656,UNINFORMATIVE
1247282336061894656,INFORMATIVE
1236145631569137664,UNINFORMATIVE
1241214707760943104,INFORMATIVE
1236119379345104907,INFORMATIVE
1242109029968642048,UNINFORMATIVE
1237618310822363137,INFORMATIVE
1246023500407525382,UNINFORMATIVE
1241399266658017280,UNINFORMATIVE
1243188199389880321,INFORMATIVE
1241172341016723463,UNINFORMATIVE
1241329578154606594,UNINFORMATIVE
1239196002457976832,INFORMATIVE
1246035658810023936,UNINFORMATIVE
1241710269157408768,INFORMATIVE
1242438790251249666,UNINFORMATIVE
1245883510168174592,UNINFORMATIVE
1241126146164453376,INFORMATIVE
1241747230148583426,INFORMATIVE
1245742720225644546,UNINFORMATIVE
1247729013046550529,INFORMATIVE
1251182631640760326,UNINFORMATIVE
1250195351916752896,UNINFORMATIVE
1240793229642977280,INFORMATIVE
1236597726332231680,INFORMATIVE
1240394323394547712,UNINFORMATIVE
1246020777159229442,UNINFORMATIVE
1241267436122525696,INFORMATIVE
1241699901311836161,INFORMATIVE
1246537683154997249,INFORMATIVE
1240755759660425216,INFORMATIVE
1244193042829115392,UNINFORMATIVE
1236107028776566785,INFORMATIVE
1241215036434952199,INFORMATIVE
1236158261482655744,UNINFORMATIVE
1245804463136350208,UNINFORMATIVE
1249649883180462081,UNINFORMATIVE
1243105794574483456,UNINFORMATIVE
1241192801183858689,UNINFORMATIVE
1236096380164325378,INFORMATIVE
1241342417430872064,UNINFORMATIVE
1244289175450312710,INFORMATIVE
1241048949424902144,INFORMATIVE
1241572163250819072,UNINFORMATIVE
1241580737809154050,UNINFORMATIVE
1239219385463705601,INFORMATIVE
1236089909527576578,INFORMATIVE
1237074813736321024,UNINFORMATIVE
1235725629997363201,UNINFORMATIVE
1248763005279653888,UNINFORMATIVE
1240560225423245312,UNINFORMATIVE
1244561129868800002,INFORMATIVE
1236088492213637121,UNINFORMATIVE
1241552240667754496,INFORMATIVE
1236123091551608837,UNINFORMATIVE
1241805375105576961,INFORMATIVE
1245876187374604289,UNINFORMATIVE
1243094171885260803,UNINFORMATIVE
1245845484054421504,UNINFORMATIVE
1239610579721093120,INFORMATIVE
1246031073315872768,UNINFORMATIVE
1237316837383327744,INFORMATIVE
1236147603638759429,UNINFORMATIVE
1240053250105229314,UNINFORMATIVE
1247099793865916416,UNINFORMATIVE
1252157073191776257,INFORMATIVE
1246861831039119361,UNINFORMATIVE
1236117987993645058,INFORMATIVE
1240308688788701185,INFORMATIVE
1236157582374391809,UNINFORMATIVE
1242271085153800192,UNINFORMATIVE
1243192666961203201,INFORMATIVE
1247790667469746177,INFORMATIVE
1242172377246494720,INFORMATIVE
1241217111386509312,INFORMATIVE
1251046012807938048,INFORMATIVE
1242496407753424896,INFORMATIVE
1248562165277020162,INFORMATIVE
1244498276914610176,INFORMATIVE
1236994623786094592,UNINFORMATIVE
1236155602037960704,INFORMATIVE
1247558542048940033,INFORMATIVE
1245876828138549249,UNINFORMATIVE
1242089174850842626,UNINFORMATIVE
1246309936637849600,INFORMATIVE
1241694708939849728,INFORMATIVE
1235898881273139201,UNINFORMATIVE
1244914171830886400,INFORMATIVE
1241241501688004608,INFORMATIVE
1235509630278586369,INFORMATIVE
1242625747191123968,INFORMATIVE
1251444671320076288,INFORMATIVE
1243462889156927497,INFORMATIVE
1246353471772807168,UNINFORMATIVE
1241618238301073411,INFORMATIVE
1246082688076955648,INFORMATIVE
1239037096138072064,INFORMATIVE
1251571962884902914,INFORMATIVE
1245643118197628931,INFORMATIVE
1247220283460722690,INFORMATIVE
1251647222040506368,INFORMATIVE
1246540649320546304,INFORMATIVE
1248428590158327816,INFORMATIVE
1241836832142381059,UNINFORMATIVE
1248137622624432128,INFORMATIVE
1236140453776539649,UNINFORMATIVE
1236141334416719872,INFORMATIVE
1248333949228777472,UNINFORMATIVE
1243979493439688705,UNINFORMATIVE
1241311794196439040,INFORMATIVE
1236120160538226688,UNINFORMATIVE
1244721121972203520,INFORMATIVE
1245935776501608448,INFORMATIVE
1236090175819788288,UNINFORMATIVE
1241643354661806080,INFORMATIVE
1241175177410609153,UNINFORMATIVE
1236111335617777670,INFORMATIVE
1236099048572059655,UNINFORMATIVE
1241805868640931841,INFORMATIVE
1236105054257442816,INFORMATIVE
1241190323491143681,INFORMATIVE
1236053537941057540,INFORMATIVE
1246437103233314816,INFORMATIVE
1245719147687936001,UNINFORMATIVE
1242948936039530497,INFORMATIVE
1242855015477399552,INFORMATIVE
1247657490571055106,UNINFORMATIVE
1236114004738744320,INFORMATIVE
1241516601448390661,INFORMATIVE
1237710662752755712,INFORMATIVE
1241717847648280576,INFORMATIVE
1247015832980520961,INFORMATIVE
1241134597477449728,INFORMATIVE
1248570170030858251,UNINFORMATIVE
1247978115768283136,INFORMATIVE
1247680328849854466,INFORMATIVE
1235613983425650688,INFORMATIVE
1247028840938921984,INFORMATIVE
1247224764994707465,INFORMATIVE
1241860995280023552,UNINFORMATIVE
1246807317842210818,UNINFORMATIVE
1243057538771243008,INFORMATIVE
1242804642565836801,UNINFORMATIVE
1251327503811182595,UNINFORMATIVE
1240280532337950721,UNINFORMATIVE
1243011472508272643,INFORMATIVE
1241289544693100546,INFORMATIVE
1236265639758659585,UNINFORMATIVE
1247030683450486787,INFORMATIVE
1236131485989498880,UNINFORMATIVE
1245641894081617920,INFORMATIVE
1235396968391667712,UNINFORMATIVE
1241201484580007938,INFORMATIVE
1248177899980505088,UNINFORMATIVE
1241613846839689216,INFORMATIVE
1241190321704390658,UNINFORMATIVE
1242215020819333122,UNINFORMATIVE
1236149401938206720,UNINFORMATIVE
1236132429359910912,INFORMATIVE
1245664153177600001,UNINFORMATIVE
1236126422546239489,UNINFORMATIVE
1251558336597594113,INFORMATIVE
1241278398678302721,INFORMATIVE
1245728647761313794,INFORMATIVE
1236100428040826881,UNINFORMATIVE
1236152912339972096,INFORMATIVE
1236094440579772417,UNINFORMATIVE
1241636621356761088,INFORMATIVE
1241521668318728195,INFORMATIVE
1243320102738673664,INFORMATIVE
1241355787731185664,UNINFORMATIVE
1236091705998209025,UNINFORMATIVE
1241180147283136512,UNINFORMATIVE
1251242774428626944,INFORMATIVE
1250169468095016963,INFORMATIVE
1236845419772043265,INFORMATIVE
1241353677618778113,UNINFORMATIVE
1241268676227194880,UNINFORMATIVE
1241025364568260608,INFORMATIVE
1241271081861865472,UNINFORMATIVE
1236441240637526016,INFORMATIVE
1241180844582006784,UNINFORMATIVE
1250475023241904128,UNINFORMATIVE
1247311897617186817,UNINFORMATIVE
1243086550298243073,UNINFORMATIVE
1246855367994363904,UNINFORMATIVE
1246276982096171013,INFORMATIVE
1241724588725280771,INFORMATIVE
1241073333082263557,INFORMATIVE
1242826829146308615,INFORMATIVE
1241864967856353282,UNINFORMATIVE
1245846068102864896,UNINFORMATIVE
1247559800679993345,UNINFORMATIVE
1247442445475840000,INFORMATIVE
1241631144652632064,INFORMATIVE
1241820155862085632,INFORMATIVE
1236410108055293957,UNINFORMATIVE
1245785073435258884,UNINFORMATIVE
1242274827207094282,INFORMATIVE
1242155171473481731,INFORMATIVE
1248348788399497216,UNINFORMATIVE
1236124826705825793,UNINFORMATIVE
1236125477888237568,UNINFORMATIVE
1236977636708175873,UNINFORMATIVE
1236792217748017153,INFORMATIVE
1236151959150899200,INFORMATIVE
1247065488137453568,UNINFORMATIVE
1236098805164118018,UNINFORMATIVE
1245881609632481282,UNINFORMATIVE
1243084323290374144,INFORMATIVE
1245837174978695169,UNINFORMATIVE
1249088418187018240,UNINFORMATIVE
1241844587418791936,UNINFORMATIVE
1236383725367095296,INFORMATIVE
1238973742274859008,UNINFORMATIVE
1236101709081894912,INFORMATIVE
1236997879245520897,INFORMATIVE
1245914240969404419,INFORMATIVE
1243636717996912641,INFORMATIVE
1245873749712195584,UNINFORMATIVE
1236076975652995072,INFORMATIVE
1240362903687045121,INFORMATIVE
1241087990698512391,UNINFORMATIVE
1244133430272679936,INFORMATIVE
1241071258860748800,UNINFORMATIVE
1247421418113060864,INFORMATIVE
1236101726530400257,INFORMATIVE
1251270563005444103,INFORMATIVE
1236189976527847430,INFORMATIVE
1245913667020804096,UNINFORMATIVE
1245887364033056769,UNINFORMATIVE
1245673613358960641,UNINFORMATIVE
1246658715027046401,INFORMATIVE
1236415983717208064,UNINFORMATIVE
1250588898914336778,INFORMATIVE
1247116032260616192,INFORMATIVE
1235973636739280897,UNINFORMATIVE
1244190453941108737,INFORMATIVE
1250668837021921280,INFORMATIVE
1236091119915749376,UNINFORMATIVE
1249055772228509696,UNINFORMATIVE
1241160098967244800,INFORMATIVE
1246032395297579008,UNINFORMATIVE
1245646854492008448,INFORMATIVE
1247619948496719872,UNINFORMATIVE
1245854253907755008,UNINFORMATIVE
1235542724134068230,UNINFORMATIVE
1236163042469122049,INFORMATIVE
1251814112511885315,INFORMATIVE
1246267821421735937,INFORMATIVE
1245096398053310468,UNINFORMATIVE
1236452033395412992,UNINFORMATIVE
1246512830464942080,UNINFORMATIVE
1242886271929901056,INFORMATIVE
1236130119590150145,INFORMATIVE
1241084983076442114,INFORMATIVE
1245704639699288064,UNINFORMATIVE
1241829702349787143,INFORMATIVE
1245666845224587265,INFORMATIVE
1244370812783734792,INFORMATIVE
1239940176329179136,INFORMATIVE
1246555262674251777,UNINFORMATIVE
1241587523467579393,INFORMATIVE
1236144344949809152,INFORMATIVE
1243525057034371073,INFORMATIVE
1245916638098014208,UNINFORMATIVE
1236109589168427008,UNINFORMATIVE
1236140499968409601,INFORMATIVE
1245931011109576706,UNINFORMATIVE
1247421411678998528,INFORMATIVE
1241393087835828225,UNINFORMATIVE
1241277161463480320,INFORMATIVE
1243518193068650504,UNINFORMATIVE
1241186518217011200,INFORMATIVE
1247529707018436608,UNINFORMATIVE
1246034621105659904,UNINFORMATIVE
1246015090824024065,INFORMATIVE
1241422687500713984,INFORMATIVE
1251545811969769472,INFORMATIVE
1236016446670614528,UNINFORMATIVE
1251174174988648450,UNINFORMATIVE
1239238860090920960,UNINFORMATIVE
1239673812863586304,UNINFORMATIVE
1245877189079207937,UNINFORMATIVE
1241089605375533056,UNINFORMATIVE
1249245138997706754,INFORMATIVE
1241546405879128064,INFORMATIVE
1247640100940505090,INFORMATIVE
1236112078374498304,INFORMATIVE
1244930900246302720,INFORMATIVE
1246838229522952198,UNINFORMATIVE
1235767701483778049,UNINFORMATIVE
1246037895124856832,INFORMATIVE
1241605563202572289,INFORMATIVE
1236107648594063360,UNINFORMATIVE
1246751878366367745,INFORMATIVE
1242881800742916096,UNINFORMATIVE
1241193132395565059,UNINFORMATIVE
1241096684379275265,UNINFORMATIVE
1245989794238382080,UNINFORMATIVE
1244664586084790274,UNINFORMATIVE
1246131644257513475,INFORMATIVE
1247795198370803714,UNINFORMATIVE
1248782122782838785,INFORMATIVE
1251609511292534784,INFORMATIVE
1239477687216787456,INFORMATIVE
1245592045286232064,INFORMATIVE
1236106095808188417,INFORMATIVE
1236159604150632448,UNINFORMATIVE
1245803637802020864,INFORMATIVE
1245883028469100544,UNINFORMATIVE
1245755097046347776,INFORMATIVE
1241187475743100928,UNINFORMATIVE
1236110657600266241,INFORMATIVE
1235665213434851334,INFORMATIVE
1236113011758284801,INFORMATIVE
1247609474363404290,INFORMATIVE
1245655855581630466,UNINFORMATIVE
1236090438550945793,INFORMATIVE
1236100184859242496,UNINFORMATIVE
1247586703826509824,INFORMATIVE
1236095919348764673,UNINFORMATIVE
1236426037778677761,INFORMATIVE
1237423129208774664,INFORMATIVE
1237473352182304775,UNINFORMATIVE
1236099516236992512,INFORMATIVE
1247282012702072834,UNINFORMATIVE
1244765519141580801,INFORMATIVE
1236089035543715840,INFORMATIVE
1247064175114944513,INFORMATIVE
1241580799977193473,UNINFORMATIVE
1240131659166552067,UNINFORMATIVE
1241073842661085184,UNINFORMATIVE
1247086178848739328,INFORMATIVE
1243543184367640581,INFORMATIVE
1243886194246799360,INFORMATIVE
1247751153594449923,INFORMATIVE
1247648205153513472,UNINFORMATIVE
1249693916997148673,INFORMATIVE
1245897098622468101,INFORMATIVE
1236094489082482688,UNINFORMATIVE
1241065558856130562,INFORMATIVE
1244469677675253767,INFORMATIVE
1246396612609482752,INFORMATIVE
1245712965556416513,INFORMATIVE
1247470407759712257,INFORMATIVE
1238913725727301633,UNINFORMATIVE
1247580060485169153,UNINFORMATIVE
1245783824157626368,INFORMATIVE
1248203502435872769,UNINFORMATIVE
1247609879650545664,INFORMATIVE
1237419094556553216,INFORMATIVE
1241182743377166336,UNINFORMATIVE
1236424754980143104,UNINFORMATIVE
1236098215465955328,UNINFORMATIVE
1236109469010059265,UNINFORMATIVE
1241794599896653824,INFORMATIVE
1246990017463009280,INFORMATIVE
1246031293185474560,UNINFORMATIVE
1236121880513466368,INFORMATIVE
1250981972576473088,INFORMATIVE
1241475326263296003,INFORMATIVE
1249850159456030720,UNINFORMATIVE
1236163373798010881,INFORMATIVE
1236079547763896320,UNINFORMATIVE
1236091758456397824,INFORMATIVE
1236124542851887104,INFORMATIVE
1244542238031376384,INFORMATIVE
1236160814253555712,UNINFORMATIVE
1236093750897553408,INFORMATIVE
1238976166557556736,INFORMATIVE
1247622883779776513,UNINFORMATIVE
1241487904905576449,INFORMATIVE
1236130378802294785,INFORMATIVE
1241178829726646273,INFORMATIVE
1236131496865521664,INFORMATIVE
1246746632827224066,INFORMATIVE
1243160726690299914,INFORMATIVE
1241404793760997381,INFORMATIVE
1241075876743143430,UNINFORMATIVE
1236135732164603904,UNINFORMATIVE
1245860554956136449,INFORMATIVE
1236130301035704320,INFORMATIVE
1245350715289153540,INFORMATIVE
1236125959612325889,UNINFORMATIVE
1237156189588389892,INFORMATIVE
1236101603595345920,INFORMATIVE
1236136453211447299,INFORMATIVE
1250790287057838080,UNINFORMATIVE
1248918726822461442,INFORMATIVE
1241466672197722112,INFORMATIVE
1241193077898952704,INFORMATIVE
1245887289223311365,UNINFORMATIVE
1241669372206342146,UNINFORMATIVE
1236102371542851584,UNINFORMATIVE
1236165538058891265,UNINFORMATIVE
1241193697317806080,INFORMATIVE
1235789496328663042,UNINFORMATIVE
1241249560703295490,INFORMATIVE
1240586292443983872,INFORMATIVE
1245927897690304514,INFORMATIVE
1236144649678606337,UNINFORMATIVE
1240971853507833856,INFORMATIVE
1236096885103960064,INFORMATIVE
1245681872413380610,INFORMATIVE
1243177567240282112,INFORMATIVE
1246014687545884672,UNINFORMATIVE
1243231279245656067,INFORMATIVE
1245732765967855616,UNINFORMATIVE
1241183226464370689,UNINFORMATIVE
1242721802222047232,INFORMATIVE
1241062978205564928,INFORMATIVE
1250014563346591744,UNINFORMATIVE
1248731028270845955,INFORMATIVE
1246031018995224576,INFORMATIVE
1247312871157088261,INFORMATIVE
1248816944406462465,UNINFORMATIVE
1237278722182406144,INFORMATIVE
1236151485550841856,INFORMATIVE
1246458544825806852,UNINFORMATIVE
1247563352861261824,UNINFORMATIVE
1246697047132196866,INFORMATIVE
1251162141937160192,INFORMATIVE
1237029502502334470,UNINFORMATIVE
1243732893979025410,INFORMATIVE
1241626374521135105,UNINFORMATIVE
1245859183905267712,UNINFORMATIVE
1247541959033421826,INFORMATIVE
1244610785889968128,INFORMATIVE
1248003978429939712,INFORMATIVE
1245660940231569409,UNINFORMATIVE
1247151224719388674,INFORMATIVE
1241738148708864000,INFORMATIVE
1244869017195732998,UNINFORMATIVE
1243136903332810752,INFORMATIVE
1236096903399366657,UNINFORMATIVE
1240792916651638786,INFORMATIVE
1245689455975051264,UNINFORMATIVE
1246223182396350473,UNINFORMATIVE
1241127075261698051,UNINFORMATIVE
1236139105593016320,UNINFORMATIVE
1240646682175508482,UNINFORMATIVE
1241127155247075330,INFORMATIVE
1244716154758840322,INFORMATIVE
1241172081053552641,INFORMATIVE
1247094048571248640,INFORMATIVE
1241026190233796608,INFORMATIVE
1246529327413551112,UNINFORMATIVE
1247634317385187328,INFORMATIVE
1236154610093568000,INFORMATIVE
1246017861203546112,UNINFORMATIVE
1236159005950533632,UNINFORMATIVE
1237813333006471168,INFORMATIVE
1247117785685200903,UNINFORMATIVE
1237515244945256448,INFORMATIVE
1246175779911860224,INFORMATIVE
1237715762787344384,INFORMATIVE
1236190031091359744,UNINFORMATIVE
1245695877324267520,UNINFORMATIVE
1248192646117494786,UNINFORMATIVE
1241084827773931521,INFORMATIVE
1238009501128818688,INFORMATIVE
1241171762739662854,UNINFORMATIVE
1241816876310806528,INFORMATIVE
1245925449181483008,UNINFORMATIVE
1251724529006718977,INFORMATIVE
1240710263558615040,UNINFORMATIVE
1247100058681708544,INFORMATIVE
1241676643766337536,UNINFORMATIVE
1236096600939864065,UNINFORMATIVE
1240370638709276673,UNINFORMATIVE
1241300636806848513,INFORMATIVE
1245927984642404352,UNINFORMATIVE
1236479842045984769,UNINFORMATIVE
1236514687547834368,INFORMATIVE
1243965546594553856,INFORMATIVE
1241824773405052929,INFORMATIVE
1241149440653537280,UNINFORMATIVE
1241533966173253638,INFORMATIVE
1251396701396631554,INFORMATIVE
1248445094606192643,INFORMATIVE
1250330962291879938,INFORMATIVE
1245674884417683456,UNINFORMATIVE
1246025086047412225,INFORMATIVE
1251272156165672961,UNINFORMATIVE
1241171750836150277,UNINFORMATIVE
1241183301731262464,INFORMATIVE
1250255839287361541,UNINFORMATIVE
1242133369531633670,INFORMATIVE
1244500333503504384,INFORMATIVE
1246711943143931905,INFORMATIVE
1246028091916517378,UNINFORMATIVE
1241286586110795777,INFORMATIVE
1246659726118543363,INFORMATIVE
1241253452472336385,UNINFORMATIVE
1242074555776208896,UNINFORMATIVE
1246028175135649793,UNINFORMATIVE
1251402050480402432,INFORMATIVE
1237130795250147328,UNINFORMATIVE
1235911922656186368,UNINFORMATIVE
1241061574032441350,INFORMATIVE
1241479213334573056,INFORMATIVE
1236127086416453632,INFORMATIVE
1241181509647831040,UNINFORMATIVE
1236140531958284289,UNINFORMATIVE
1245908433229844480,UNINFORMATIVE
1241241653081305088,UNINFORMATIVE
1236091150370562048,INFORMATIVE
1242260734081413120,INFORMATIVE
1236096332864995328,INFORMATIVE
1247759796154974209,INFORMATIVE
1241403968430972933,INFORMATIVE
1235949699598888960,INFORMATIVE
1242959760766513153,INFORMATIVE
1243178968045563904,INFORMATIVE
1241078174689169408,INFORMATIVE
1237965905801297921,INFORMATIVE
1249917989501222914,INFORMATIVE
1245894116573052930,UNINFORMATIVE
1247910742067642368,UNINFORMATIVE
1250002281312985089,UNINFORMATIVE
1244719313438650377,UNINFORMATIVE
1236091861284028416,UNINFORMATIVE
1236108394873970688,INFORMATIVE
1249023656572801024,UNINFORMATIVE
1236156647992590337,INFORMATIVE
1237899881966112768,INFORMATIVE
1236122407762452486,UNINFORMATIVE
1241865152410025987,INFORMATIVE
1241290466768957441,UNINFORMATIVE
1236297828458098689,UNINFORMATIVE
1241518928205144065,UNINFORMATIVE
1236471535902261253,UNINFORMATIVE
1236140275904307202,UNINFORMATIVE
1236089813763268611,INFORMATIVE
1236564560963870720,INFORMATIVE
1236001878955020288,INFORMATIVE
1241294777317916673,UNINFORMATIVE
1241716888805289984,INFORMATIVE
1252115875622195200,UNINFORMATIVE
1241125189917609985,INFORMATIVE
1241366872811061253,INFORMATIVE
1241695404250599424,UNINFORMATIVE
1246093484488110082,UNINFORMATIVE
1246024735818797056,UNINFORMATIVE
1239434267630895105,INFORMATIVE
1245932777825943553,INFORMATIVE
1250384600314101761,INFORMATIVE
1241822285922697218,INFORMATIVE
1250227833269563392,INFORMATIVE
1236099781396701185,UNINFORMATIVE
1245860445606408194,UNINFORMATIVE
1245753350680981504,UNINFORMATIVE
1241327082090553344,UNINFORMATIVE
1241213965549613062,INFORMATIVE
1247726000085008385,UNINFORMATIVE
1245709509651247104,INFORMATIVE
1245973469734391815,UNINFORMATIVE
1244416056954720256,UNINFORMATIVE
1236146123036901376,INFORMATIVE
1250767524960047105,INFORMATIVE
1245756934717943808,INFORMATIVE
1241631672669478913,INFORMATIVE
1241086319754952709,INFORMATIVE
1241370161854234625,INFORMATIVE
1241385487732027392,INFORMATIVE
1246582281302609926,INFORMATIVE
1245880473475301377,UNINFORMATIVE
1247406741202989056,INFORMATIVE
1236168070802137088,UNINFORMATIVE
1245894168708251648,INFORMATIVE
1243923632809824256,UNINFORMATIVE
1241520075196301317,INFORMATIVE
1241284443844874240,INFORMATIVE
1236134494148669440,UNINFORMATIVE
1245865612972191744,INFORMATIVE
1235613596832485377,UNINFORMATIVE
1236329892716765186,INFORMATIVE
1241180025686122496,UNINFORMATIVE
1236110517158031360,INFORMATIVE
1245936264508923904,INFORMATIVE
1236152158929776640,UNINFORMATIVE
1242404414352232454,UNINFORMATIVE
1236059192328433664,INFORMATIVE
1240304476814106624,INFORMATIVE
1241670789880901632,INFORMATIVE
1245695650995585031,INFORMATIVE
1236119365298290690,INFORMATIVE
1251132648904249344,UNINFORMATIVE
1241591496173850625,INFORMATIVE
1248850071724015617,INFORMATIVE
1241183233804513281,UNINFORMATIVE
1241603314212466689,UNINFORMATIVE
1242986143269953544,INFORMATIVE
1244471547877666817,UNINFORMATIVE
1241365912948805633,INFORMATIVE
1242496512954957825,UNINFORMATIVE
1236095086728904704,UNINFORMATIVE
1248070337008451585,UNINFORMATIVE
1236637329336532992,INFORMATIVE
1241077637331722241,INFORMATIVE
1236136427034939397,UNINFORMATIVE
1245880058830630915,INFORMATIVE
1242870267375947776,INFORMATIVE
1245876480292290563,UNINFORMATIVE
1240688732837044224,UNINFORMATIVE
1241075692055519232,UNINFORMATIVE
1244624648588967936,INFORMATIVE
1236097941812547586,UNINFORMATIVE
1252089376806514688,UNINFORMATIVE
1236091277688504321,INFORMATIVE
1248699203959783426,INFORMATIVE
1249636419724853249,INFORMATIVE
1249041824779550720,UNINFORMATIVE
1246765774754086912,UNINFORMATIVE
1241545613793247234,INFORMATIVE
1239542213207441408,INFORMATIVE
1249496684620644358,INFORMATIVE
1236524853273849859,UNINFORMATIVE
1241441703841718274,INFORMATIVE
1245709600600526851,INFORMATIVE
1241186627700969477,UNINFORMATIVE
1245933057434980353,UNINFORMATIVE
1241183326213492736,UNINFORMATIVE
1245852447454740492,UNINFORMATIVE
1242847785441021952,INFORMATIVE
1243530224127676417,INFORMATIVE
1243127282052542464,INFORMATIVE
1245256503822446592,INFORMATIVE
1245777031121399808,INFORMATIVE
1241308833525497856,INFORMATIVE
1239898001906126848,UNINFORMATIVE
1239262524333125632,UNINFORMATIVE
1241288578455330816,UNINFORMATIVE
1244730813628977152,INFORMATIVE
1239247617667870721,INFORMATIVE
1240802130870636545,INFORMATIVE
1241124157980581888,UNINFORMATIVE
1239591759056900099,UNINFORMATIVE
1249616719737487360,INFORMATIVE
1243029307657572352,INFORMATIVE
1241179640594452480,UNINFORMATIVE
1246971600601260038,INFORMATIVE
1247666172402622465,UNINFORMATIVE
1239999176907333632,INFORMATIVE
1251160134325157889,UNINFORMATIVE
1241186254001262592,UNINFORMATIVE
1235520792189952001,INFORMATIVE
1241125767209254919,INFORMATIVE
1245878811968724992,UNINFORMATIVE
1236131329583927298,INFORMATIVE
1250051444465680389,UNINFORMATIVE
1248743663833931782,INFORMATIVE
1239982079737298946,INFORMATIVE
1240998583865769989,INFORMATIVE
1236079420890394631,UNINFORMATIVE
1236347845722152960,UNINFORMATIVE
1241661707505881088,UNINFORMATIVE
1242956980735610881,INFORMATIVE
1245812810749227011,UNINFORMATIVE
1239559841624006656,INFORMATIVE
1248725861186056193,UNINFORMATIVE
1241760261461004288,INFORMATIVE
1245563929738313728,UNINFORMATIVE
1250619272990281730,INFORMATIVE
1236105419266953216,UNINFORMATIVE
1245875091558170624,UNINFORMATIVE
1248719656430505989,UNINFORMATIVE
1236148102131638272,INFORMATIVE
1241742716335042560,INFORMATIVE
1241721505009897472,INFORMATIVE
1248749840105947138,UNINFORMATIVE
1244702595450429440,INFORMATIVE
1238585135638839296,INFORMATIVE
1245960752491569152,INFORMATIVE
1245809404714287104,INFORMATIVE
1236120813553823744,INFORMATIVE
1241359499589345280,INFORMATIVE
1246662163000889345,INFORMATIVE
1243225969294524432,INFORMATIVE
1238050382649139201,UNINFORMATIVE
1244885797909803008,INFORMATIVE
1236091709609709573,INFORMATIVE
1236092791303712770,UNINFORMATIVE
1241192604223434752,INFORMATIVE
1250552744894578689,INFORMATIVE
1245974865649078274,UNINFORMATIVE
1248783606811471872,UNINFORMATIVE
1241641118099550209,INFORMATIVE
1246182124459372545,UNINFORMATIVE
1236600471520870400,INFORMATIVE
1241881966905090051,UNINFORMATIVE
1244885963056308239,UNINFORMATIVE
1236114120220577793,INFORMATIVE
1236088418091794432,UNINFORMATIVE
1237536480320315392,INFORMATIVE
1246121552518799360,INFORMATIVE
1246021297001435136,INFORMATIVE
1241172116285927429,UNINFORMATIVE
1246799777183997954,INFORMATIVE
1241142902191009798,INFORMATIVE
1243725415379660800,UNINFORMATIVE
1243476869271285762,INFORMATIVE
1246262211162435585,INFORMATIVE
1249262264659644416,INFORMATIVE
1240676038016933889,UNINFORMATIVE
1246014593924845568,INFORMATIVE
1240647323643817985,UNINFORMATIVE
1236317613090836482,UNINFORMATIVE
1241657496722460672,INFORMATIVE
1247398162270007296,UNINFORMATIVE
1246014850129637376,UNINFORMATIVE
1242363984826818562,UNINFORMATIVE
1245775351097286657,UNINFORMATIVE
1241189164466556934,UNINFORMATIVE
1250477711312773121,INFORMATIVE
1250400545174622209,INFORMATIVE
1239616544365256704,INFORMATIVE
1235681130281660416,UNINFORMATIVE
1239244660280786944,UNINFORMATIVE
1236863904422084608,INFORMATIVE
1241363174726627330,INFORMATIVE
1246361058786168834,INFORMATIVE
1242087827518574593,UNINFORMATIVE
1236238116383535106,INFORMATIVE
1240171098542690304,UNINFORMATIVE
1248701348280967169,INFORMATIVE
1245662625049935872,UNINFORMATIVE
1243017676475248643,UNINFORMATIVE
1246024815682752512,UNINFORMATIVE
1246010781755486208,INFORMATIVE
1241193569097879552,UNINFORMATIVE
1243642387513012224,UNINFORMATIVE
1241016950492405762,UNINFORMATIVE
1242844664929140736,INFORMATIVE
1245753457279143936,UNINFORMATIVE
1241276889643155456,INFORMATIVE
1250868473900797952,INFORMATIVE
1241664362965852161,UNINFORMATIVE
1250217094693531649,INFORMATIVE
1241154201373282307,INFORMATIVE
1236154092810092544,INFORMATIVE
1241855765675212801,UNINFORMATIVE
1245898886985605120,INFORMATIVE
1244145613865959425,INFORMATIVE
1241848446929080320,UNINFORMATIVE
1242526829103153153,INFORMATIVE
1236121622353981440,INFORMATIVE
1235480677195358209,INFORMATIVE
1237849773484335104,INFORMATIVE
1241085876622577665,INFORMATIVE
1250277614171738112,INFORMATIVE
1235723315206950918,UNINFORMATIVE
1241644986426208256,INFORMATIVE
1248090766414614528,INFORMATIVE
1247516994435526656,UNINFORMATIVE
1247731210572328960,UNINFORMATIVE
1250639717818945538,INFORMATIVE
1236190090721980416,UNINFORMATIVE
1245725765695660032,UNINFORMATIVE
1236319341223858176,INFORMATIVE
1241189198276812805,UNINFORMATIVE
1236149845057888257,INFORMATIVE
1241858495554748416,UNINFORMATIVE
1236115476662583298,INFORMATIVE
1251510118430183424,INFORMATIVE
1244868114342240257,INFORMATIVE
1236448269351497729,INFORMATIVE
1242928399888285696,INFORMATIVE
1243191337299480576,UNINFORMATIVE
1250420212391804928,INFORMATIVE
1243021052579586048,INFORMATIVE
1237277005361475584,INFORMATIVE
1241030519061700608,UNINFORMATIVE
1236132369163317248,INFORMATIVE
1245936030961799174,UNINFORMATIVE
1236161365816905728,UNINFORMATIVE
1244611263797383169,INFORMATIVE
1245739023219527680,UNINFORMATIVE
1246056813696598016,INFORMATIVE
1246370656863825920,INFORMATIVE
1247035101982199819,UNINFORMATIVE
1245681511694729216,UNINFORMATIVE
1249030610200346624,UNINFORMATIVE
1237146086650679296,UNINFORMATIVE
1241306220146962433,INFORMATIVE
1241176380982747137,INFORMATIVE
1244635759300222977,INFORMATIVE
1236637056476086272,UNINFORMATIVE
1242696396290977797,INFORMATIVE
1241744938955661319,INFORMATIVE
1241516613800624128,INFORMATIVE
1241307166671282177,INFORMATIVE
1241675578589286400,INFORMATIVE
1244197769109217280,UNINFORMATIVE
1247594335887073280,INFORMATIVE
1245706648989163521,UNINFORMATIVE
1246073315057336320,INFORMATIVE
1242967252418416641,INFORMATIVE
1241392093752430596,INFORMATIVE
1247641212099547137,UNINFORMATIVE
1236132630262763521,UNINFORMATIVE
1241190368215027715,UNINFORMATIVE
1243035661030109184,INFORMATIVE
1236137990008770560,INFORMATIVE
1246933398339211265,INFORMATIVE
1235421494655631360,UNINFORMATIVE
1241258158019866624,INFORMATIVE
1236155496907837441,UNINFORMATIVE
1247315798881964042,UNINFORMATIVE
1244438409080385536,INFORMATIVE
1236149663486611456,INFORMATIVE
1236112393136005120,UNINFORMATIVE
1246488844561571841,INFORMATIVE
1241417192886976513,INFORMATIVE
1247404996133638145,UNINFORMATIVE
1251392686193598464,INFORMATIVE
1247102757611372544,INFORMATIVE
1241218135635693569,INFORMATIVE
1247659597185208320,UNINFORMATIVE
1244908161649250311,INFORMATIVE
1245801993135939584,UNINFORMATIVE
1241848874890862593,INFORMATIVE
1241414860107329537,INFORMATIVE
1236836474454040577,INFORMATIVE
1241315170493882369,UNINFORMATIVE
1246515542057455619,UNINFORMATIVE
1238380688950190080,INFORMATIVE
1235965932360601601,INFORMATIVE
1236252282347454464,UNINFORMATIVE
1241183368709996544,UNINFORMATIVE
1245898215259549698,UNINFORMATIVE
1248731905400418304,INFORMATIVE
1243196679366389760,UNINFORMATIVE
1245845682088341505,UNINFORMATIVE
1248206613447655424,INFORMATIVE
1236159520205869058,INFORMATIVE
1245863091490787328,UNINFORMATIVE
1237163973658783745,INFORMATIVE
1251838295300018178,UNINFORMATIVE
1241010113839878146,INFORMATIVE
1236157697571069952,UNINFORMATIVE
1241675235776180224,UNINFORMATIVE
1236394055619227652,UNINFORMATIVE
1245771396254294016,INFORMATIVE
1241806138741587969,UNINFORMATIVE
1235608530066923520,UNINFORMATIVE
1241410787853426690,INFORMATIVE
1241052396723281927,INFORMATIVE
1236155116329349121,INFORMATIVE
1236095243377754112,INFORMATIVE
1241046370019979264,INFORMATIVE
1244782828191088647,INFORMATIVE
1241071544463273985,INFORMATIVE
1245943006236217345,INFORMATIVE
1241611645463347201,INFORMATIVE
1241381003505041411,INFORMATIVE
1244564169892024320,UNINFORMATIVE
1245876383676534786,UNINFORMATIVE
1239217803963404288,INFORMATIVE
1245041523877720064,INFORMATIVE
1241373257271586816,INFORMATIVE
1244537956297330689,INFORMATIVE
1245757316118568960,INFORMATIVE
1244642637883334657,UNINFORMATIVE
1238030153625808897,INFORMATIVE
1251564495023083520,INFORMATIVE
1241633883772325894,INFORMATIVE
1236362911544741889,INFORMATIVE
1241342303899271170,UNINFORMATIVE
1251356484501409795,UNINFORMATIVE
1236093106291908609,INFORMATIVE
1245278565802954753,INFORMATIVE
1236122395959652352,UNINFORMATIVE
1236140022207664129,INFORMATIVE
1249457797520998402,INFORMATIVE
1245959738724098058,UNINFORMATIVE
1236437133528715265,UNINFORMATIVE
1236157602628874240,INFORMATIVE
1246035276801159168,UNINFORMATIVE
1236113320387756033,INFORMATIVE
1236495154141220866,UNINFORMATIVE
1236334214926213120,UNINFORMATIVE
1245759094092259328,UNINFORMATIVE
1247491701515653120,UNINFORMATIVE
1241432615292370944,UNINFORMATIVE
1245777884880539653,UNINFORMATIVE
1244587302237634566,INFORMATIVE
1244548488056061953,INFORMATIVE
1248747065988931584,UNINFORMATIVE
1242972130469269510,INFORMATIVE
1247013979811131403,INFORMATIVE
1247253780665597954,INFORMATIVE
1241293805267058688,INFORMATIVE
1241177467307667456,UNINFORMATIVE
1241324213551718400,INFORMATIVE
1245404570198499328,INFORMATIVE
1247685143839625216,UNINFORMATIVE
1237279687681945600,INFORMATIVE
1247047436452777984,INFORMATIVE
1242457518678384641,INFORMATIVE
1236142642951598081,INFORMATIVE
1252090179839422478,UNINFORMATIVE
1245951379077619714,UNINFORMATIVE
1236117754895364096,INFORMATIVE
1245554374048243714,UNINFORMATIVE
1245679067178971136,INFORMATIVE
1243316184243732482,INFORMATIVE
1244970942146772993,INFORMATIVE
1236104674689847296,INFORMATIVE
1251492223138574336,UNINFORMATIVE
1248792990866432005,INFORMATIVE
1251405429302865927,INFORMATIVE
1243226911246958592,UNINFORMATIVE
1238797044292227072,UNINFORMATIVE
1239607513718423560,UNINFORMATIVE
1241172907813933060,UNINFORMATIVE
1245672548852994050,UNINFORMATIVE
1247066850879344640,UNINFORMATIVE
1251161790039224321,INFORMATIVE
1245663265893556225,INFORMATIVE
1240546695299182593,INFORMATIVE
1246150540884684801,INFORMATIVE
1241795371916906496,INFORMATIVE
1236487243864236033,INFORMATIVE
1250639668502310912,UNINFORMATIVE
1244518490209423361,INFORMATIVE
1240255827266670592,INFORMATIVE
1245769009196347392,UNINFORMATIVE
1245922844577394689,UNINFORMATIVE
1246073255678492674,INFORMATIVE
1236107971353931776,INFORMATIVE
1245733382463655936,INFORMATIVE
1242244690654531585,UNINFORMATIVE
1241260263363555330,INFORMATIVE
1251445066239008768,UNINFORMATIVE
1236780364363948040,INFORMATIVE
1244639974600904711,UNINFORMATIVE
1236484902884913152,INFORMATIVE
1241193364764139520,UNINFORMATIVE
1249565683605700613,INFORMATIVE
1236160502176395265,UNINFORMATIVE
1247650791399337986,INFORMATIVE
1242172347286765575,UNINFORMATIVE
1242826976638808065,INFORMATIVE
1237243450816204800,INFORMATIVE
1236135868949127169,INFORMATIVE
1245959456929841152,UNINFORMATIVE
1245845873864708097,UNINFORMATIVE
1246034454923091969,INFORMATIVE
1241171221376577536,UNINFORMATIVE
1236133453726269440,UNINFORMATIVE
1241186996653039616,UNINFORMATIVE
1251163266178355201,INFORMATIVE
1247649102063718405,INFORMATIVE
1241063272981266433,INFORMATIVE
1241830684357988352,INFORMATIVE
1236253353706840065,INFORMATIVE
1236161675751022592,INFORMATIVE
1247430925262237704,INFORMATIVE
1241371029391507457,INFORMATIVE
1241221910689648640,INFORMATIVE
1241119341422182403,INFORMATIVE
1236907644616654850,UNINFORMATIVE
1236136344348495872,INFORMATIVE
1246878613078753281,INFORMATIVE
1241258538695081984,INFORMATIVE
1244421090337869835,UNINFORMATIVE
1236130303300767746,INFORMATIVE
1241762337666760704,UNINFORMATIVE
1251981974660677645,UNINFORMATIVE
1236098111073923072,UNINFORMATIVE
1245921263287021569,INFORMATIVE
1236119578276704256,INFORMATIVE
1245694762738315266,INFORMATIVE
1246203731424796676,INFORMATIVE
1247469926924857345,UNINFORMATIVE
1236251144374177794,INFORMATIVE
1250302799906131972,INFORMATIVE
1245729284746096641,INFORMATIVE
1251279521187344384,INFORMATIVE
1242931219043508224,INFORMATIVE
1245753989683167233,UNINFORMATIVE
1246025524704620545,INFORMATIVE
1236238084972429313,UNINFORMATIVE
1241486918761746437,INFORMATIVE
1242951027793383427,UNINFORMATIVE
1241079823038058496,UNINFORMATIVE
1245684921823383553,INFORMATIVE
1248120769424396289,INFORMATIVE
1245858005284839424,UNINFORMATIVE
1249426559112372224,INFORMATIVE
1239959860990685184,INFORMATIVE
1236324314263117824,INFORMATIVE
1241191165279342592,INFORMATIVE
1241590441704742912,UNINFORMATIVE
1236107158577528832,INFORMATIVE
1251902214496550913,INFORMATIVE
1241192835056975873,UNINFORMATIVE
1236113029349113858,INFORMATIVE
1236945358522990592,INFORMATIVE
1244571101004521473,INFORMATIVE
1242694539002949637,INFORMATIVE
1246441393960243200,INFORMATIVE
1249868103812411392,INFORMATIVE
1247135768440602624,UNINFORMATIVE
1241111431346601984,INFORMATIVE
1247990794763583489,UNINFORMATIVE
1245692476523978758,UNINFORMATIVE
1245885837763584000,INFORMATIVE
1247702373444849665,INFORMATIVE
1247731033350406144,INFORMATIVE
1251213085911719938,INFORMATIVE
1244177635577454592,INFORMATIVE
1236146839877021696,INFORMATIVE
1245863061589651458,INFORMATIVE
1236101140523204608,UNINFORMATIVE
1241279808446910466,UNINFORMATIVE
1246032227533754368,UNINFORMATIVE
1241475928921911297,INFORMATIVE
1241416429036945408,INFORMATIVE
1249331350412439552,INFORMATIVE
1236553132496183297,UNINFORMATIVE
1250081883834257409,UNINFORMATIVE
1246060443006914561,UNINFORMATIVE
1240799962511933441,INFORMATIVE
1237309796660977665,UNINFORMATIVE
1245691326479335425,UNINFORMATIVE
1241226833720418304,INFORMATIVE
1243517939313250304,INFORMATIVE
1245955961266868224,UNINFORMATIVE
1236102699806068736,UNINFORMATIVE
1236405945061818368,UNINFORMATIVE
1247678652009103363,UNINFORMATIVE
1244559944327692289,INFORMATIVE
1249743334442221572,INFORMATIVE
1236217602680090625,INFORMATIVE
1236099722726617090,INFORMATIVE
1246341238137262080,INFORMATIVE
1246345135555637250,UNINFORMATIVE
1246027480596508673,INFORMATIVE
1245271791842611202,UNINFORMATIVE
1236130188481658880,INFORMATIVE
1241396519036768256,INFORMATIVE
1246032197871640577,UNINFORMATIVE
1236115236006043648,UNINFORMATIVE
1236127919132610560,INFORMATIVE
1246761982033899521,INFORMATIVE
1241083010688131073,INFORMATIVE
1236101775712751616,INFORMATIVE
1242405206492659714,INFORMATIVE
1241183457331552256,UNINFORMATIVE
1245954768159133698,INFORMATIVE
1246560647933906944,INFORMATIVE
1247004602559541249,UNINFORMATIVE
1236125889047465985,INFORMATIVE
1236124039162351616,INFORMATIVE
1243465388849070082,INFORMATIVE
1236104041752494080,INFORMATIVE
1235641030445277184,INFORMATIVE
1238861023714697217,UNINFORMATIVE
1245747089654628352,UNINFORMATIVE
1241387941026545672,INFORMATIVE
1241379687261077512,INFORMATIVE
1236437921982341120,UNINFORMATIVE
1241117103702368259,INFORMATIVE
1236924684312014848,INFORMATIVE
1241075818039857154,UNINFORMATIVE
1236377446787829762,INFORMATIVE
1248788393846280193,UNINFORMATIVE
1247692161149292544,UNINFORMATIVE
1236090414949691392,UNINFORMATIVE
1246275051894108161,UNINFORMATIVE
1251033523852460034,INFORMATIVE
1241774789854990336,INFORMATIVE
1236158491875659777,INFORMATIVE
1246014799579922432,UNINFORMATIVE
1245927596405080065,UNINFORMATIVE
1245605884564099077,UNINFORMATIVE
1245753381127323659,INFORMATIVE
1242812499063422984,UNINFORMATIVE
1245662403431284737,INFORMATIVE
1241192478029615105,UNINFORMATIVE
1241408535553921024,INFORMATIVE
1241628026678456320,INFORMATIVE
1241172128680022016,UNINFORMATIVE
1247391142921920512,UNINFORMATIVE
1241513007189913600,INFORMATIVE
1250024365854425089,UNINFORMATIVE
1245874433727893504,INFORMATIVE
1241173406705422336,INFORMATIVE
1236335551512342530,INFORMATIVE
1245658097546178560,INFORMATIVE
1241572813418438657,UNINFORMATIVE
1241845460349980675,UNINFORMATIVE
1245941689241477121,UNINFORMATIVE
1246165019567538179,INFORMATIVE
1241429536488607744,INFORMATIVE
1235853853918031872,INFORMATIVE
1246029765087199232,UNINFORMATIVE
1246506426455011330,UNINFORMATIVE
1235576398586228736,UNINFORMATIVE
1247579505083834370,UNINFORMATIVE
1240279697415704581,UNINFORMATIVE
1236113613947101185,UNINFORMATIVE
1241654234141032448,INFORMATIVE
1244626438344658944,UNINFORMATIVE
1247517929941286912,INFORMATIVE
1245918657516933121,UNINFORMATIVE
1241189214680563714,UNINFORMATIVE
1245874613252431873,INFORMATIVE
1236116386637918209,INFORMATIVE
1246126653765451777,INFORMATIVE
1245781647141691393,INFORMATIVE
1236093497058435072,INFORMATIVE
1245668383863066624,INFORMATIVE
1236440721810489346,UNINFORMATIVE
1236090568494718976,INFORMATIVE
1236337455240040448,UNINFORMATIVE
1236133332825628672,INFORMATIVE
1240184242916728832,INFORMATIVE
1252058678410088448,INFORMATIVE
1236093951863590925,UNINFORMATIVE
1241719203062824961,INFORMATIVE
1241647220849590272,INFORMATIVE
1236132896630542338,UNINFORMATIVE
1236406219562246147,INFORMATIVE
1236131293781348352,INFORMATIVE
1246784648614723584,INFORMATIVE
1241835796493152259,INFORMATIVE
1236157663370563584,UNINFORMATIVE
1240802101057294337,UNINFORMATIVE
1241531571833839616,INFORMATIVE
1236121124297158657,INFORMATIVE
1243343962208899073,INFORMATIVE
1241146261350289408,UNINFORMATIVE
1247280158870036488,INFORMATIVE
1241475753541275648,INFORMATIVE
1247675563843690498,INFORMATIVE
1236119188646830080,UNINFORMATIVE
1242407279300956161,INFORMATIVE
1240201158892949506,INFORMATIVE
1246332771791851522,INFORMATIVE
1247250824058765315,UNINFORMATIVE
1241148363447439361,INFORMATIVE
1236775219680825344,UNINFORMATIVE
1241380693608972289,INFORMATIVE
1246929674359447554,INFORMATIVE
1245864316999368706,UNINFORMATIVE
1250333067933143040,INFORMATIVE
1245522056797700097,INFORMATIVE
1245868456701882368,UNINFORMATIVE
1247193131742834689,INFORMATIVE
1245779570659184641,INFORMATIVE
1241371751193477120,INFORMATIVE
1248645693985583104,INFORMATIVE
1236275411983765504,UNINFORMATIVE
1236122358534090754,INFORMATIVE
1241664069376987137,INFORMATIVE
1246986344703774721,INFORMATIVE
1240369660681310208,INFORMATIVE
1245885532372193284,UNINFORMATIVE
1243150799754141696,UNINFORMATIVE
1242495145368576003,UNINFORMATIVE
1247417233531375617,INFORMATIVE
1241063238994984960,INFORMATIVE
1241082076297912321,UNINFORMATIVE
1245835975793823746,UNINFORMATIVE
1242699663578288128,INFORMATIVE
1241789835704184832,INFORMATIVE
1251261722901479424,INFORMATIVE
1245916750207565826,INFORMATIVE
1250524923442933767,INFORMATIVE
1241331009037066240,UNINFORMATIVE
1243192677925031937,INFORMATIVE
1242272293788635136,INFORMATIVE
1242489386664681473,INFORMATIVE
1249150675935735808,UNINFORMATIVE
1242445418052694018,UNINFORMATIVE
1236136447578644480,INFORMATIVE
1246182677818064896,UNINFORMATIVE
1237111152439627776,UNINFORMATIVE
1246250415680663553,INFORMATIVE
1244026154060824577,INFORMATIVE
1240528724560248832,UNINFORMATIVE
1236098024994156545,UNINFORMATIVE
1245955337385099264,INFORMATIVE
1243162983158571013,INFORMATIVE
1236157190387494912,UNINFORMATIVE
1245712742058799105,UNINFORMATIVE
1240690785382625284,UNINFORMATIVE
1247248159643963392,INFORMATIVE
1241727642606301191,INFORMATIVE
1241187310990954496,UNINFORMATIVE
1248207650694684674,INFORMATIVE
1241684030069800960,UNINFORMATIVE
1249411196635295744,INFORMATIVE
1241506677507215365,INFORMATIVE
1241609683065909249,INFORMATIVE
1241603494303477761,UNINFORMATIVE
1238535230593646594,UNINFORMATIVE
1243542953676673026,INFORMATIVE
1248198153888616452,UNINFORMATIVE
1241653868238385154,INFORMATIVE
1241182895328428033,INFORMATIVE
1236098244549066752,UNINFORMATIVE
1244496604272504832,UNINFORMATIVE
1245979853947617280,INFORMATIVE
1240367738121605120,INFORMATIVE
1241276307549421569,UNINFORMATIVE
1250277646518202369,INFORMATIVE
1247776564743254016,INFORMATIVE
1241182743788216326,UNINFORMATIVE
1241671035881054209,INFORMATIVE
1241192353739804675,INFORMATIVE
1236092755513761793,UNINFORMATIVE
1250823287485145089,UNINFORMATIVE
1245674192864972801,INFORMATIVE
1245368675877761024,INFORMATIVE
1247060749186449408,INFORMATIVE
1241680355427483648,INFORMATIVE
1241601226715717633,INFORMATIVE
1243532802953564160,INFORMATIVE
1241780817711464449,INFORMATIVE
